ID,,,,,,,,,,,,,,,,,,,,,,,,,,,,,,,,,,,,,,,,,,,,,,,,,,,,,,,,,,,,,,,,,,,,,,,,,,,,,,,,,,,,,,,,,,,,,,,,,,,,,,,,,,,,,,,,,,,,,,,,,label
1,9.71E-05,0.000134745,0.000134595,0.000133763,0.000133063,0.000132477,0.000132005,0.000131441,0.00013098,0.000130529,0.00013006,0.000129888,0.000129506,0.000129136,0.000128828,0.000128338,0.000127938,0.000127165,0.000126725,0.000126278,0.000126325,0.000125814,0.000125543,0.000124777,0.00012461,0.000124147,0.000123855,0.000123555,0.000123412,0.000123073,0.000122844,0.000122859,0.000122733,0.000122539,0.000122298,0.000122224,0.000122188,0.000122427,0.000122604,0.000122574,0.00012272,0.00012287,0.000122934,0.000123119,0.000123795,0.000123982,0.000124322,0.000124766,0.000125174,0.00012555,0.000126141,0.000126741,0.00012735,0.000127775,0.000128268,0.000128601,0.000129036,0.000129309,0.000129617,0.0001295,0.000129337,0.000129371,0.000129272,0.000129141,0.000128822,0.000128451,0.000128117,0.000127862,0.000127914,0.00012743,0.000127171,0.000127219,0.000127145,0.00012692,0.000126887,0.000127043,0.000126985,0.000126707,0.000127051,0.000127058,0.000127522,0.000127572,0.000127978,0.000128015,0.000128411,0.000128531,0.000129111,0.000129442,0.000129597,0.00013,0.000130404,0.000130622,0.000130985,0.000131422,0.00013175,0.000132115,0.000132635,0.000133118,0.000133253,0.000133679,0.00013419,0.000134818,0.000135123,0.000135484,0.000136065,0.000136534,0.000137293,0.000137821,0.000138341,0.000138921,0.000139503,0.000140177,0.000140912,0.000141487,0.000142191,0.000142748,0.000143569,0.000144403,0.000145261,0.000145929,10
